Candidate 01,"Excel, Power BI, SQL, Tableau"
Candidate 02,"Deep Learning, Machine Learning, Mr, NLP, Pandas, Python"
Candidate 03,"Docker, Git, Java, REST APIs, Spring Boot, System Design"
Candidate 04,"Democrat, Keras, MLOps, TensorFlow"
Candidate 05,"Agile, Git, Java, REST APIs, Spring Boot, System Design"
Candidate 06,"Data Cleaning, Power BI"
Candidate 07,"Spring Boot, System Design"
Candidate 08,"Product Roadmap, User Stories"
Candidate 09,"Data Cleaning, Power BI, Reporting, SQL"
Candidate 10,"Computer Vision, Python"
Candidate 11,"Data Cleaning, Excel"
Candidate 12,"Power BI, Reporting"
Candidate 13,"Product Roadmap, Scrum, Stakeholder Management, User Stories"
Candidate 14,"Cloud, Keras, MLOps, PyTorch, Python, TensorFlow"
Candidate 15,"Computer Vision, Keras, MLOps"
Candidate 16,"Machine Learning, NLP, Python"
Candidate 17,"Data Cleaning, Excel, Power BI, Reporting"
Candidate 18,"Product Roadmap, Scrum, Stakeholder Management"
Candidate 19,"Machine Learning, NLP, Python, SQL, Statistics"
Candidate 20,"Cloud, Computer Vision, Keras, MLOps, Python"
Candidate 21,"Deep Learning, Machine Learning, NLP, Pandas, SQL, Statistics"
Candidate 22,"Agile, Product Roadmap, Scrum, Stakeholder Management, User Stories"
Candidate 23,"Data Cleaning, Power BI, Reporting, SQL, Tableau"
Candidate 24,"Data Cleaning, PM, Power BI, Reporting, SQL"
Candidate 25,"Cloud, Computer Vision, Keras, MLOps, PyTorch"
Candidate 26,"Agile, Scrum, Stakeholder Management, User Stories"
Candidate 27,"Agile, Stakeholder Management, User Stories"
Candidate 28,"Data Cleaning, Reporting, SQL"
Candidate 29,"Agile, Product Roadmap, Stakeholder Management, User Stories"
Candidate 30,"Pandas, SQL"
Candidate 31,"Machine Learning, Pandas, Python, SQL, Statistics"
Candidate 32,"Agile, Spring Boot"
Candidate 33,"Cloud, Computer Vision, Keras, PyTorch, TensorFlow"
Candidate 34,"Deep Learning, Python, SQL"
Candidate 35,"Deep Learning, Machine Learning, NLP, Pandas, Statistics"
Candidate 36,"Agile, Java, Spring Boot, System Design"
Candidate 37,"Agile, Product Roadmap, Scrum, User Stories"
Candidate 38,"Agile, Git, Java"
Candidate 39,"Agile, Scrum, Stakeholder Management"
Candidate 40,"Machine Learning, NLP, Python, Statistics"
Candidate 41,"Excel, Power BI, Reporting, SQL, Tableau"
Candidate 42,"Congress, Deep Learning, Machine Learning, NLP, Python"
Candidate 43,"Agile, Docker, Git, Java, Spring Boot, System Design"
Candidate 44,"Data Cleaning, Excel, Power BI, SQL"
Candidate 45,"Computer Vision"
Candidate 46,"Cloud, Computer Vision, MLOps, PyTorch, Python"
Candidate 47,"Machine Learning, NLP, SQL, Statistics"
Candidate 48,"Deep Learning, NLP, Pandas, Python, SQL"
Candidate 49,"Agile, Docker, Git, REST APIs, Spring Boot, System Design"
Candidate 50,"Scrum, Stakeholder Management"
Candidate 51,"Agile, Product Roadmap, Scrum, Stakeholder Management"
Candidate 52,"NLP, Pandas, Python"
Candidate 53,"Excel, Power BI, Reporting, Tableau"
Candidate 54,"Deep Learning, Machine Learning, Pandas"
Candidate 55,"Deep Learning, Machine Learning, NLP, Pandas, Python, SQL, Statistics"
Candidate 56,"Docker, REST APIs, Spring Boot, System Design"
Candidate 57,"Cloud, Computer Vision, Keras, PyTorch, Python, TensorFlow"
Candidate 58,"Data Cleaning, Excel, Reporting, SQL, Tableau"
Candidate 59,"Docker, Git, REST APIs, System Design"
Candidate 60,"Deep Learning, NLP, Pandas, Python"
Candidate 61,"Cloud, Keras, MLOps, Python, TensorFlow"
Candidate 62,"Computer Vision, Keras, PyTorch, Python"
Candidate 63,"Deep Learning, Machine Learning, Python"
Candidate 64,"Docker, Git, Java, REST APIs, Spring Boot"
Candidate 65,"Deep Learning, Machine Learning, NLP, SQL, Statistics"
Candidate 66,"Git, Java, REST APIs, Spring Boot, System Design"
Candidate 67,"Java, System Design"
Candidate 68,"Cloud, Computer Vision, Keras, MLOps"
Candidate 69,"Scrum, Stakeholder Management, User Stories"
Candidate 70,"Reporting, SQL"
Candidate 71,"Computer Vision, PyTorch, Python"
Candidate 72,"Data Cleaning, Excel, Reporting, SQL"
Candidate 73,"Git, Java, Spring Boot, System Design"
Candidate 74,"MLOps, PyTorch, Python, TensorFlow"
Candidate 75,"Agile, Product Roadmap, User Stories"
Candidate 76,"Agile, Scrum"
Candidate 77,"Docker, Git, Java, REST APIs, System Design"
Candidate 78,"NLP, Pandas, Statistics"
Candidate 79,"Power BI, Reporting, SQL"
Candidate 80,"Computer Vision, MLOps"
Candidate 81,"Excel, SQL, Tableau"
Candidate 82,"Agile, Docker, Java, REST APIs, Spring Boot"
Candidate 83,"Java, Spring Boot, System Design"
Candidate 84,"NLP, Python, SQL"
Candidate 85,"Data Cleaning, Power BI, Tableau"
Candidate 86,"Machine Learning, NLP, Pandas, Python, SQL, Statistics"
Candidate 87,"Docker, Java, System Design"
Candidate 88,"Deep Learning, NLP, Pandas, Python, SQL, Statistics"
Candidate 89,"Statistics"
Candidate 90,"Machine Learning, NLP, Pandas, Python, TV"
Candidate 91,"Computer Vision, Keras, MLOps, PyTorch, Python, TensorFlow"
Candidate 92,"Docker, Java"
Candidate 93,"Cloud, Keras, PyTorch, Python, TensorFlow"
Candidate 94,"Cloud, MLOps"
Candidate 95,"Cloud, Computer Vision, Keras, MLOps, PyTorch, TensorFlow"
Candidate 96,"Data Cleaning, Excel, Power BI, Reporting, SQL, Tableau"
Candidate 97,"Docker, System Design"
Candidate 98,"Keras, MLOps"
Candidate 99,"Docker, Java, REST APIs, Spring Boot, System Design"
Candidate 100,"Cloud, PyTorch"
Candidate 101,"Deep Learning, Machine Learning, Statistics"
Candidate 102,"Computer Vision, MLOps, TensorFlow"
Candidate 103,"Product Roadmap, Scrum"
Candidate 104,"Machine Learning, Python, SQL, Statistics"
Candidate 105,"Agile, Stakeholder Management"
Candidate 106,"Agile, Git, REST APIs, Spring Boot, System Design"
Candidate 107,"NLP, Pandas, SQL"
Candidate 108,"Data Cleaning, Power BI, Reporting"
Candidate 109,"Computer Vision, Keras, MLOps, Python"
Candidate 110,"Keras, MLOps, TensorFlow"
Candidate 111,"Machine Learning, Pandas"
Candidate 112,"Cloud, Computer Vision, PyTorch, TensorFlow"
Candidate 113,"Reporting, SQL, Tableau"
Candidate 114,"Data Cleaning, Excel, Reporting"
Candidate 115,"Deep Learning, Pandas, SQL, Statistics"
Candidate 116,"Deep Learning, Machine Learning, NLP, Statistics"
Candidate 117,"Product Roadmap, Scrum, User Stories"
Candidate 118,"Computer Vision, TensorFlow"
Candidate 119,"Computer Vision, Keras"
Candidate 120,"Data Cleaning, Excel, Power BI, Reporting, Tableau"
Candidate 121,"SQL, Statistics"
Candidate 122,"Git, REST APIs, Spring Boot"
Candidate 123,"Deep Learning, SQL"
Candidate 124,"Machine Learning, NLP, Pandas, Python"
Candidate 125,"PyTorch, TensorFlow"
Candidate 126,"NLP, Pandas, Python, SQL, Statistics"
Candidate 127,"Cloud, Computer Vision, Keras, Python"
Candidate 128,"Deep Learning"
Candidate 129,"Agile, Docker, REST APIs, Spring Boot, System Design"
Candidate 130,"Stakeholder Management"
Candidate 131,"Deep Learning, Machine Learning, NLP, SQL"
Candidate 132,"Agile, PM, Product Roadmap, Scrum, Stakeholder Management, User Stories"
Candidate 133,"Data Cleaning, Excel, SQL"
Candidate 134,"Deep Learning, Machine Learning, Python, SQL, Statistics"
Candidate 135,"Agile, Docker, Java, System Design"
Candidate 136,"Cloud, Keras, MLOps, PyTorch"
Candidate 137,"Excel, Power BI, Reporting, SQL"
Candidate 138,"Cloud, Computer Vision, Keras, MLOps, PyTorch, Python, TensorFlow"
Candidate 139,"Scrum, User Stories"
Candidate 140,"Machine Learning, Python, Statistics"
Candidate 141,"Agile, Git, Java, REST APIs, System Design"
Candidate 142,"Agile, Git, System Design"
Candidate 143,"SQL, Tableau"
Candidate 144,"Excel, Reporting, SQL, Tableau"
Candidate 145,"Agile, Docker, Spring Boot"
Candidate 146,"Docker, Git, System Design"
Candidate 147,"Data Cleaning, Excel, Power BI, Reporting, SQL"
Candidate 148,"NLP, Pandas, Python, SQL"
Candidate 149,"Java, REST APIs, Spring Boot"
Candidate 150,"Cloud, Keras, PyTorch"
Candidate 151,"Python"
Candidate 152,"Pandas, SQL, Statistics"
Candidate 153,"Agile, Scrum, User Stories"
Candidate 154,"Cloud, MLOps, Python"
Candidate 155,"Agile, Docker, Git, REST APIs, System Design"
Candidate 156,"Java, REST APIs, System Design"
Candidate 157,"Agile"
Candidate 158,"Deep Learning, NLP, Pandas, Python, Statistics"
Candidate 159,"Agile, Docker, Git, Spring Boot, System Design"
Candidate 160,"Agile, Git, REST APIs"
Candidate 161,"Machine Learning, NLP, Pandas, Python, Statistics"
Candidate 162,"Cloud, Computer Vision, Python, TensorFlow"
Candidate 163,"Agile, Java, REST APIs"
Candidate 164,"Machine Learning, NLP, SQL"
Candidate 165,"Deep Learning, Pandas, Statistics"
Candidate 166,"SQL"
Candidate 167,"NLP, Statistics"
Candidate 168,"Cloud, Computer Vision, MLOps"
Candidate 169,"Computer Vision, MLOps, PyTorch, TensorFlow"
Candidate 170,"Git, Java, System Design"
Candidate 171,"Computer Vision, MLOps, PyTorch, Python, TensorFlow"
Candidate 172,"Cloud, Computer Vision, Keras"
Candidate 173,"Agile, Git, Java, System Design"
Candidate 174,"Cloud, TensorFlow"
Candidate 175,"Agile, Docker, Git, Java, REST APIs, System Design"
Candidate 176,"Power BI, Reporting, SQL, Tableau"
Candidate 177,"Machine Learning, NLP, Pandas, SQL, Statistics"
Candidate 178,"Docker, Git, REST APIs, Spring Boot, System Design"
Candidate 179,"Data Cleaning, Excel, Power BI, SQL, Tableau"
Candidate 180,"Pandas, Python"
Candidate 181,"Tableau"
Candidate 182,"Agile, Product Roadmap, Stakeholder Management"
Candidate 183,"Agile, User Stories"
Candidate 184,"Machine Learning, NLP, Pandas, Python, SQL"
Candidate 185,"Computer Vision, Python, TensorFlow"
Candidate 186,"Agile, Git, REST APIs, Spring Boot, System Design, TV"
Candidate 187,"Cloud, Computer Vision, Keras, Python, TensorFlow"
Candidate 188,"Docker, Java, REST APIs"
Candidate 189,"Keras, MLOps, PyTorch, Python, TensorFlow"
Candidate 190,"Cloud, Keras, MLOps, TensorFlow"
Candidate 191,"Power BI, Tableau"
Candidate 192,"Cloud, Keras, MLOps, PyTorch, TensorFlow"
Candidate 193,"Deep Learning, Machine Learning, NLP, Pandas, SQL"
Candidate 194,"Machine Learning, Statistics"
Candidate 195,"Cloud, MLOps, PyTorch, TensorFlow"
Candidate 196,"I, Keras, MLOps, PyTorch, TensorFlow"
Candidate 197,"Computer Vision, Keras, PyTorch, TensorFlow"
Candidate 198,"Cloud, Keras, MLOps, PyTorch, Python"
Candidate 199,"Agile, Docker, REST APIs, System Design"
Candidate 200,"Agile, Docker, System Design"
Candidate 201,"Deep Learning, Machine Learning, SQL"
Candidate 202,"Docker, REST APIs, System Design"
Candidate 203,"Keras, Python"
Candidate 204,"Docker, Git, Java, Spring Boot, System Design"
Candidate 205,"Data Cleaning, Reporting, SQL, TV, Tableau"
Candidate 206,"Computer Vision, PyTorch, TensorFlow"
Candidate 207,"Excel, Power BI, Tableau"
Candidate 208,"Deep Learning, Machine Learning, NLP, Pandas"
Candidate 209,"MLOps, Python, TensorFlow"
Candidate 210,"Agile, Docker, Java, Spring Boot, System Design"
Candidate 211,"Deep Learning, Machine Learning, Pandas, Python, SQL, Statistics"
Candidate 212,"Machine Learning"
Candidate 213,"Cloud, MLOps, PyTorch, Python"
Candidate 214,"Deep Learning, Machine Learning, NLP, Pandas, Python"
Candidate 215,"Data Cleaning, Power BI, SQL"
Candidate 216,"Machine Learning, NLP, Pandas, Statistics"
Candidate 217,"Machine Learning, SQL, Statistics"
Candidate 218,"Cloud, Computer Vision, Keras, MLOps, Python, TensorFlow"
Candidate 219,"Product Roadmap, Stakeholder Management"
Candidate 220,"Deep Learning, Machine Learning"
Candidate 221,"Data Cleaning, Excel, Reporting, Tableau"
Candidate 222,"Cloud, Computer Vision, MLOps, PyTorch, Python, TensorFlow"
Candidate 223,"Git, REST APIs"
Candidate 224,"PyTorch, Python"
Candidate 225,"Data Cleaning, Power BI, Reporting, Tableau"
Candidate 226,"Deep Learning, Machine Learning, SQL, Statistics"
Candidate 227,"Reporting, Tableau"
Candidate 228,"Agile, Docker, Java, REST APIs, System Design"
Candidate 229,"REST APIs"
Candidate 230,"Agile, Docker, Java, REST APIs, Spring Boot, System Design, TV"
Candidate 231,"Agile, Git, Java, Spring Boot"
Candidate 232,"Stakeholder Management, User Stories"
Candidate 233,"Excel, Tableau"
Candidate 234,"Docker, Git, REST APIs, Spring Boot"
Candidate 235,"Cloud, Keras, MLOps"
Candidate 236,"Deep Learning, NLP, Python, SQL, Statistics"
Candidate 237,"Agile, Git, REST APIs, System Design"
Candidate 238,"Machine Learning, Pandas, Python, Statistics"
Candidate 239,"Keras, MLOps, PyTorch, Python"
Candidate 240,"Docker, Git, Java, Spring Boot"
Candidate 241,"Deep Learning, Machine Learning, NLP, Pandas, Python, Statistics"
Candidate 242,"MLOps, PyTorch"
Candidate 243,"Deep Learning, Machine Learning, Pandas, SQL, Statistics"
Candidate 244,"Deep Learning, Pandas"
Candidate 245,"Deep Learning, Pandas, SQL"
Candidate 246,"Machine Learning, SQL"
Candidate 247,"Data Cleaning, Reporting, Tableau"
Candidate 248,"Computer Vision, Keras, MLOps, Python, TensorFlow"
Candidate 249,"Docker, Spring Boot, System Design"
Candidate 250,"Deep Learning, NLP, Pandas, SQL, Statistics"
Candidate 251,"Deep Learning, Pandas, Python, Statistics"
Candidate 252,"Agile, Docker, Java, Spring Boot"
Candidate 253,"Data Cleaning, Excel, Power BI, Tableau"
Candidate 254,"Agile, Docker, Java, REST APIs, Spring Boot, System Design"
Candidate 255,"Cloud, Computer Vision, Keras, PyTorch"
Candidate 256,"Deep Learning, NLP, Python"
Candidate 257,"Deep Learning, NLP, SQL"
Candidate 258,"Power BI, SQL, Tableau"
Candidate 259,"Computer Vision, Keras, PyTorch, Python, TensorFlow"
Candidate 260,"Excel, Reporting, SQL"
Candidate 261,"Data Cleaning, Power BI, SQL, Tableau"
Candidate 262,"Agile, Git"
Candidate 263,"Java, REST APIs"
Candidate 264,"Deep Learning, Machine Learning, NLP, Pandas, Python, SQL"
Candidate 265,"Cloud, PyTorch, TensorFlow"
Candidate 266,"NLP"
Candidate 267,"Git, REST APIs, System Design"
Candidate 268,"Product Roadmap, Stakeholder Management, User Stories"
Candidate 269,"Deep Learning, Machine Learning, Python, SQL"
Candidate 270,"Cloud, Keras"
Candidate 271,"Agile, Java, REST APIs, Spring Boot"
Candidate 272,"Scrum"
Candidate 273,"Deep Learning, Pandas, Python, SQL, Statistics"
Candidate 274,"Power BI, Reporting, Tableau"
Candidate 275,"Cloud, MLOps, PyTorch, Python, TensorFlow"
Candidate 276,"Cloud, Keras, TensorFlow"
Candidate 277,"MLOps"
Candidate 278,"Deep Learning, Machine Learning, NLP, Python, SQL"
Candidate 279,"Cloud, Computer Vision, Keras, MLOps, PyTorch, Python"
Candidate 280,"Agile, Docker, Git, System Design"
Candidate 281,"MLOps, PyTorch, TensorFlow"
Candidate 282,"Data Cleaning"
Candidate 283,"Cloud, MLOps, Python, TensorFlow"
Candidate 284,"NLP, Pandas, SQL, Statistics"
Candidate 285,"Keras, Python, TensorFlow"
Candidate 286,"Agile, REST APIs, System Design"
Candidate 287,"Docker, Java, Mr, REST APIs, Spring Boot, System Design"
Candidate 288,"Cloud, MLOps, PyTorch"
Candidate 289,"Data Cleaning, Reporting"
Candidate 290,"Machine Learning, Pandas, Python, SQL"
Candidate 291,"Git, System Design"
Candidate 292,"Keras, PyTorch, Python"
Candidate 293,"Deep Learning, Pandas, Python, SQL"
Candidate 294,"Cloud, Computer Vision, Keras, MLOps, TensorFlow"
Candidate 295,"Cloud, Computer Vision, MLOps, PyTorch, TensorFlow"
Candidate 296,"Deep Learning, NLP, Python, SQL"
Candidate 297,"Deep Learning, Machine Learning, NLP"
Candidate 298,"MLOps, PyTorch, Python"
Candidate 299,"Agile, Docker, Git, Java, REST APIs, Spring Boot"
Candidate 300,"Agile, Java, System Design"
Candidate 301,"Machine Learning, Pandas, SQL"
Candidate 302,"Deep Learning, Machine Learning, Mr, NLP, SQL, Statistics"
Candidate 303,"Deep Learning, Python, SQL, Statistics"
Candidate 304,"Agile, Docker, REST APIs, Spring Boot"
Candidate 305,"Computer Vision, Keras, Python"
Candidate 306,"NLP, SQL, Statistics"
Candidate 307,"Agile, Git, REST APIs, Spring Boot"
Candidate 308,"Agile, Docker, Git, Java, System Design"
Candidate 309,"Product Roadmap"
Candidate 310,"Agile, Git, Java, REST APIs, Spring Boot"
Candidate 311,"REST APIs, Spring Boot"
Candidate 312,"Deep Learning, Machine Learning, NLP, Python, Statistics"
Candidate 313,"Deep Learning, Machine Learning, Pandas, SQL"
Candidate 314,"Reporting"
Candidate 315,"Cloud, Python"
Candidate 316,"Data Cleaning, Excel, Tableau"
Candidate 317,"NLP, Python, Statistics"
Candidate 318,"Keras, PyTorch, Python, TensorFlow"
Candidate 319,"Agile, Docker, Git, Java, REST APIs"
Candidate 320,"Cloud"
Candidate 321,"Agile, Git, Spring Boot"
Candidate 322,"Agile, Docker, Git, Java, Spring Boot"
Candidate 323,"Pandas"
Candidate 324,"Agile, Product Roadmap, Scrum"
Candidate 325,"Agile, Java, Spring Boot"
Candidate 326,"Pandas, Python, SQL"
Candidate 327,"Agile, Docker, Spring Boot, System Design"
Candidate 328,"Agile, Docker, Git, Java"
Candidate 329,"Keras, MLOps, Python"
Candidate 330,"Computer Vision, PyTorch"
Candidate 331,"Data Cleaning, Reporting, SQL, Tableau"
Candidate 332,"Excel, Power BI, Reporting"
Candidate 333,"Excel, Power BI, SQL"
Candidate 334,"Agile, Git, Java, Spring Boot, System Design, TV"
Candidate 335,"Cloud, Computer Vision, MLOps, PyTorch"
Candidate 336,"Machine Learning, NLP, Pandas, SQL"
Candidate 337,"Machine Learning, Python"
Candidate 338,"Docker, Git, Java, System Design"
Candidate 339,"Cloud, Computer Vision, PyTorch"
Candidate 340,"Excel"
Candidate 341,"Agile, Docker, REST APIs"
Candidate 342,"Excel, Reporting"
Candidate 343,"Cloud, Keras, MLOps, Python"
Candidate 344,"Democrat, Power BI, SQL"
Candidate 345,"User Stories"
Candidate 346,"PyTorch, Python, TensorFlow"
Candidate 347,"Deep Learning, Machine Learning, Pandas, Python"
Candidate 348,"Deep Learning, Python"
Candidate 349,"Deep Learning, Machine Learning, Pandas, Python, Statistics"
Candidate 350,"Agile, Docker, Git, REST APIs"
Candidate 351,"Cloud, Python, TensorFlow"
Candidate 352,"Agile, REST APIs, Spring Boot"
Candidate 353,"Git, Java, Spring Boot"
Candidate 354,"Agile, Product Roadmap"
Candidate 355,"Keras, PyTorch, TensorFlow"
Candidate 356,"Data Cleaning, Excel, Power BI"
Candidate 357,"REST APIs, Spring Boot, System Design"
Candidate 358,"Docker, Java, REST APIs, System Design"
Candidate 359,"Excel, SQL"
Candidate 360,"Excel, Reporting, Tableau"
Candidate 361,"Agile, Docker, Git, Java, REST APIs, Spring Boot, System Design"
Candidate 362,"Cloud, Computer Vision"
Candidate 363,"Cloud, Computer Vision, MLOps, TensorFlow"
Candidate 364,"Data Cleaning, Excel, SQL, Tableau"
Candidate 365,"American, Computer Vision, MLOps, PyTorch, Python, TensorFlow"
Candidate 366,"Python, Statistics"
Candidate 367,"REST APIs, System Design"
Candidate 368,"Cloud, PyTorch, Python, TensorFlow"
Candidate 369,"Machine Learning, Pandas, Python"
Candidate 370,"Cloud, Computer Vision, PyTorch, Python"
Candidate 371,"Computer Vision, Keras, MLOps, PyTorch"
Candidate 372,"NLP, Python, SQL, Statistics"
Candidate 373,"Excel, Power BI"
Candidate 374,"Agile, Java, REST APIs, Spring Boot, System Design"
Candidate 375,"Power BI, SQL"
Candidate 376,"Agile, Docker, Git, REST APIs, Spring Boot"
Candidate 377,"Git, Java, REST APIs, System Design"
Candidate 378,"Mr, Reporting"
Candidate 379,"Computer Vision, MLOps, PyTorch, Python"
Candidate 380,"Machine Learning, NLP, Pandas"
Candidate 381,"PM, Pandas, Statistics"
Candidate 382,"Java, REST APIs, Spring Boot, System Design"
Candidate 383,"Agile, Git, Java, REST APIs"
Candidate 384,"Machine Learning, NLP, Python, SQL"
Candidate 385,"Computer Vision, MLOps, Python, TensorFlow"
Candidate 386,"Agile, System Design"
Candidate 387,"Deep Learning, NLP"
Candidate 388,"Computer Vision, PyTorch, Python, TensorFlow"
Candidate 389,"Deep Learning, Machine Learning, NLP, Python, SQL, Statistics"
Candidate 390,"Deep Learning, Machine Learning, NLP, Python"
Candidate 391,"Cloud, Keras, PyTorch, TensorFlow"
Candidate 392,"Agile, REST APIs, TV"
Candidate 393,"TensorFlow"
Candidate 394,"Agile, REST APIs"
Candidate 395,"Machine Learning, Python, SQL"
Candidate 396,"Cloud, Computer Vision, Keras, PyTorch, Python"
Candidate 397,"Deep Learning, NLP, Pandas"
Candidate 398,"Data Cleaning, SQL, Tableau"
Candidate 399,"PM, Reporting, Tableau"
Candidate 400,"MLOps, TensorFlow"
Candidate 401,"Git, Java, REST APIs"
Candidate 402,"NLP, Pandas"
Candidate 403,"Computer Vision, Keras, TensorFlow"
Candidate 404,"NLP, SQL"
Candidate 405,"MLOps, Python"
Candidate 406,"Git, Spring Boot"
Candidate 407,"Computer Vision, Keras, MLOps, PyTorch, Python"
Candidate 408,"Python, SQL, Statistics"
Candidate 409,"Docker, Java, REST APIs, Spring Boot"
Candidate 410,"Machine Learning, Pandas, Statistics"
Candidate 411,"Python, SQL"
Candidate 412,"Docker, Git, REST APIs"
Candidate 413,"Agile, Mr, Product Roadmap, Scrum, Stakeholder Management, User Stories"
Candidate 414,"Agile, Spring Boot, System Design"
Candidate 415,"Deep Learning, NLP, Pandas, SQL"
Candidate 416,"Agile, Docker"
Candidate 417,"Product Roadmap, Republican, Scrum"
Candidate 418,"Computer Vision, MLOps, PM, Python"
Candidate 419,"Data Cleaning, SQL"
Candidate 420,"I, Reporting"
Candidate 421,"Pandas, Python, Statistics"
Candidate 422,"Git, Spring Boot, System Design"
Candidate 423,"Power BI"
Candidate 424,"Deep Learning, NLP, Python, Statistics"
Candidate 425,"Machine Learning, NLP"
Candidate 426,"Deep Learning, Pandas, Python"
Candidate 427,"PyTorch"
Candidate 428,"Agile, Git, Java, Spring Boot, System Design"
Candidate 429,"Democrat, Machine Learning, NLP, Pandas, Python, SQL"
Candidate 430,"Cloud, Computer Vision, MLOps, Python"
Candidate 431,"System Design"
Candidate 432,"Deep Learning, Machine Learning, Python, Statistics"
Candidate 433,"Java"
Candidate 434,"Git, Java, REST APIs, Spring Boot"
Candidate 435,"Agile, Democrat, Docker, Git, Java, Spring Boot"
Candidate 436,"Cloud, Computer Vision, Keras, TensorFlow"
Candidate 437,"Deep Learning, NLP, SQL, Statistics"
Candidate 438,"Agile, Docker, Java"
Candidate 439,"Deep Learning, SQL, Statistics"
Candidate 440,"Docker, Git, Spring Boot, System Design"
Candidate 441,"Pandas, Statistics"
Candidate 442,"Keras"
Candidate 443,"Docker, Git, Java"
Candidate 444,"NLP, Python"
Candidate 445,"Agile, Docker, Java, REST APIs"
Candidate 446,"Computer Vision, MLOps, Python"
Candidate 447,"Docker, Java, Spring Boot"
Candidate 448,"Agile, Docker, Git"
Candidate 449,"Cloud, Computer Vision, PyTorch, Python, TensorFlow"
Candidate 450,"Deep Learning, NLP, Statistics"
Candidate 451,"Docker, Java, Spring Boot, System Design"
Candidate 452,"Pandas, Python, SQL, Statistics"
Candidate 453,"NLP, Pandas, Python, Statistics"
Candidate 454,"Agile, Git, Spring Boot, System Design"
Candidate 455,"Excel, TV, Tableau"
Candidate 456,"Keras, MLOps, Python, TensorFlow"
Candidate 457,"Cloud, Keras, Python, TensorFlow"
Candidate 458,""
Candidate 459,"Computer Vision, Keras, MLOps, TensorFlow"
Candidate 460,"Agile, I, Product Roadmap, Scrum, Stakeholder Management, User Stories"
Candidate 461,"American, Reporting"
Candidate 462,"Git, Java"
Candidate 463,"Keras, TensorFlow"
Candidate 464,"Docker, Spring Boot"
Candidate 465,"Cloud, PyTorch, Python"
Candidate 466,"Agile, Java, REST APIs, System Design"
Candidate 467,"Python, TensorFlow"
Candidate 468,"Computer Vision, Keras, MLOps, PyTorch, TensorFlow"
Candidate 469,"Java, Spring Boot"
Candidate 470,"Cloud, Computer Vision, Keras, MLOps, Mrs, TensorFlow"
Candidate 471,"Deep Learning, Statistics"
Candidate 472,"Agile, Java"
Candidate 473,"Republican, Scrum, Stakeholder Management"
Candidate 474,"Agile, Republican, System Design"
Candidate 475,"Machine Learning, Pandas, SQL, Statistics"
Candidate 476,"Git, REST APIs, Spring Boot, System Design"
Candidate 477,"Deep Learning, Python, Statistics"
Candidate 478,"Deep Learning, Machine Learning, Mr, Pandas, Python, SQL"
Candidate 479,"Data Cleaning, Tableau"
Candidate 480,"Deep Learning, Machine Learning, Pandas, Statistics"
Candidate 481,"Git"
Candidate 482,"Cloud, Computer Vision, MLOps, Python, TensorFlow"
Candidate 483,"Cloud, Keras, Python"
Candidate 484,"Computer Vision, Keras, MLOps, Python, TV, TensorFlow"
Candidate 485,"Cloud, Keras, MLOps, Republican, TensorFlow"
Candidate 486,"Docker, Git, Spring Boot"
Candidate 487,"Computer Vision, Keras, PyTorch"
Candidate 488,"Spring Boot"
Candidate 489,"Cloud, MLOps, PyTorch, Python, TV, TensorFlow"
Candidate 490,"Agile, Mr, Product Roadmap, Scrum, Stakeholder Management"
Candidate 491,"Keras, MLOps, PyTorch"
Candidate 492,"Congress, Scrum, Stakeholder Management"
Candidate 493,"Reporting, TV"
Candidate 494,"Deep Learning, Machine Learning, Pandas, Python, SQL"
Candidate 495,"Docker, Git"
Candidate 496,"Docker, Git, Java, REST APIs"
Candidate 497,"Agile, Product Roadmap, Scrum, Stakeholder Management, TV, User Stories"
Candidate 498,"Keras, PyTorch"
Candidate 499,"Docker, REST APIs"
Candidate 500,"Machine Learning, NLP, Statistics"
Candidate 501,"Deep Learning, PM, Pandas, SQL"
Candidate 502,"Docker"
Candidate 503,"Agile, American, Product Roadmap, User Stories"
Candidate 504,"Data Cleaning, Excel, Mrs, Power BI, Reporting, SQL"
Candidate 505,"Agile, Docker, Git, Spring Boot"
Candidate 506,"Agile, Congress, Scrum, Stakeholder Management, User Stories"
Candidate 507,"Excel, Power BI, Republican, Tableau"
Candidate 508,"Cloud, Democrat, MLOps, Python"
Candidate 509,"Java, PM, System Design"
Candidate 510,"Deep Learning, Democrat, NLP, Pandas, Python, SQL, Statistics"
Candidate 511,"Agile, Docker, Git, Mr, REST APIs, Spring Boot, System Design"
Candidate 512,"Computer Vision, MLOps, PyTorch"
Candidate 513,"American, Scrum"
Candidate 514,"Agile, Mr, Product Roadmap, User Stories"
Candidate 515,"American, NLP, Python, Statistics"
Candidate 516,"Cloud, Keras, PyTorch, Python"
Candidate 517,"Data Cleaning, Excel, PM, Power BI, Reporting, Tableau"
Candidate 518,"Congress, NLP, Pandas, Python, SQL"
Candidate 519,"Cloud, Computer Vision, TensorFlow"
Candidate 520,"Agile, Git, Java, Mr, REST APIs, System Design"
Candidate 521,"Cloud, MLOps, TensorFlow"
Candidate 522,"Docker, Git, I, Java, Spring Boot, System Design"
Candidate 523,"Data Cleaning, Democrat, Excel, Power BI, SQL"
Candidate 524,"Data Cleaning, Excel, PM, Power BI, SQL, Tableau"
Candidate 525,"Agile, REST APIs, Spring Boot, System Design"
Candidate 526,"Cloud, Computer Vision, MLOps, Python, TV, TensorFlow"
Candidate 527,"Keras, MLOps, PyTorch, TensorFlow"
Candidate 528,"Cloud, Computer Vision, Python"
Candidate 529,"Docker, Java, REST APIs, Republican, Spring Boot"
Candidate 530,"Cloud, Computer Vision, Keras, MLOps, PyTorch, TV, TensorFlow"
Candidate 531,"Agile, Mrs, Product Roadmap, Scrum, Stakeholder Management, User Stories"
Candidate 532,"Cloud, Computer Vision, Democrat, Keras, MLOps, PyTorch, TensorFlow"
Candidate 533,"Deep Learning, Pandas, Python, Statistics, TV"
Candidate 534,"Docker, REST APIs, Spring Boot"
Candidate 535,"Excel, Power BI, Reporting, SQL, TV"
Candidate 536,"Cloud, Computer Vision, I, Keras, PyTorch, Python"
Candidate 537,"Deep Learning, Democrat, Machine Learning, NLP, Statistics"
Candidate 538,"Machine Learning, Mr, Pandas, Python, SQL, Statistics"
Candidate 539,"Mrs, REST APIs"
Candidate 540,"Deep Learning, NLP, Pandas, Statistics"
Candidate 541,"Data Cleaning, Excel, PM, Power BI"
Candidate 542,"Agile, Product Roadmap, Republican, Scrum, Stakeholder Management, User Stories"
Candidate 543,"Agile, Docker, Java, PM, Spring Boot, System Design"
Candidate 544,"Agile, American, Docker, Git, Java, REST APIs, Spring Boot"
Candidate 545,"Computer Vision, Keras, Python, TensorFlow"
Candidate 546,"Agile, I, Java, Spring Boot, System Design"
Candidate 547,"Democrat, Excel, Power BI, Tableau"
Candidate 548,"Agile, Docker, Git, Mr, Spring Boot, System Design"
Candidate 549,"American, Docker, Java, REST APIs, Spring Boot"
Candidate 550,"Computer Vision, Democrat, Python"
Candidate 551,"Republican, Scrum, User Stories"
Candidate 552,"Agile, Mr, REST APIs, Spring Boot, System Design"
Candidate 553,"Excel, I, SQL"
Candidate 554,"Data Cleaning, Excel, Mr, Power BI, Reporting, SQL, Tableau"
Candidate 555,"Congress, Deep Learning, Pandas"
Candidate 556,"Cloud, Computer Vision, Keras, MLOps, Mr, PyTorch, TensorFlow"
Candidate 557,"Agile, Docker, Java, Mr, Spring Boot, System Design"
Candidate 558,"Agile, Mrs, Product Roadmap, Scrum, User Stories"
Candidate 559,"American, Excel, Power BI, Reporting, SQL, Tableau"
Candidate 560,"Cloud, Computer Vision, Keras, MLOps, Mrs, Python, TensorFlow"
Candidate 561,"Democrat, Excel, Reporting, SQL, Tableau"
Candidate 562,"Data Cleaning, Mr"
Candidate 563,"Data Cleaning, Democrat, SQL, Tableau"
Candidate 564,"Git, Java, PM, REST APIs, Spring Boot, System Design"
Candidate 565,"Cloud, MLOps, PM, PyTorch"
Candidate 566,"Data Cleaning, Excel, Mrs, Reporting, SQL, Tableau"
Candidate 567,"Agile, American, Scrum, Stakeholder Management, User Stories"
Candidate 568,"Deep Learning, Machine Learning, NLP, Pandas, Republican, SQL"
Candidate 569,"Computer Vision, Keras, MLOps, Mr, PyTorch, Python"
Candidate 570,"American, Cloud, Computer Vision, MLOps, PyTorch, Python, TensorFlow"
Candidate 571,"Stakeholder Management, TV"
Candidate 572,"Cloud, Computer Vision, Democrat, PyTorch"
Candidate 573,"Computer Vision, I, Keras, PyTorch, TensorFlow"
Candidate 574,"Agile, American, Git, Java, REST APIs, Spring Boot, System Design"
Candidate 575,"American, Cloud, Keras, PyTorch, TensorFlow"
Candidate 576,"MLOps, PM, PyTorch, Python"
Candidate 577,"Excel, PM, Power BI, SQL, Tableau"
Candidate 578,"Computer Vision, Democrat, Keras, MLOps, Python"
Candidate 579,"PM, Power BI"
Candidate 580,"Power BI, Reporting, Republican, Tableau"
Candidate 581,"Data Cleaning, Mrs, Tableau"
Candidate 582,"Data Cleaning, Excel, Power BI, SQL, TV, Tableau"
Candidate 583,"Agile, Docker, Git, Java, Mr, REST APIs, Spring Boot"
Candidate 584,"Deep Learning, NLP, Pandas, SQL, Statistics, TV"
Candidate 585,"Data Cleaning, Democrat, Tableau"
Candidate 586,"Mr, Pandas, SQL, Statistics"
Candidate 587,"Data Cleaning, Excel, PM, Power BI, Reporting"
Candidate 588,"Excel, I"
Candidate 589,"Agile, American, Product Roadmap, Scrum, Stakeholder Management, User Stories"
Candidate 590,"Agile, Congress, Product Roadmap, Scrum, Stakeholder Management, User Stories"
Candidate 591,"Agile, Democrat"
Candidate 592,"Cloud, MLOps, PyTorch, Python, Republican, TensorFlow"
Candidate 593,"Data Cleaning, Excel, Power BI, Reporting, SQL, TV, Tableau"
Candidate 594,"Agile, Java, REST APIs, Republican, Spring Boot, System Design"
Candidate 595,"Deep Learning, Democrat, Machine Learning, NLP"
Candidate 596,"Deep Learning, NLP, Republican, SQL, Statistics"
Candidate 597,"I, Java, System Design"
Candidate 598,"Agile, I, Product Roadmap, Scrum, Stakeholder Management"
Candidate 599,"American, Deep Learning, Machine Learning, Pandas, Python, SQL, Statistics"
Candidate 600,"PM, Product Roadmap, User Stories"
Candidate 601,"American, Deep Learning, Pandas, SQL, Statistics"
Candidate 602,"Data Cleaning, Excel, Mr, Power BI, Reporting, Tableau"
Candidate 603,"Data Cleaning, Excel, Power BI, Republican, SQL, Tableau"
Candidate 604,"Computer Vision, Congress, Keras, MLOps, Python"
Candidate 605,"Congress, MLOps, PyTorch, Python, TensorFlow"
Candidate 606,"Deep Learning, Democrat, Machine Learning, Pandas, SQL, Statistics"
Candidate 607,"Data Cleaning, PM, Power BI, Reporting, SQL, Tableau"
Candidate 608,"Deep Learning, Mrs, Pandas, SQL, Statistics"
Candidate 609,"Agile, American, Docker, Git, REST APIs, Spring Boot, System Design"
Candidate 610,"Cloud, Keras, MLOps, Mrs"
Candidate 611,"Agile, Product Roadmap, Republican, Scrum, User Stories"
Candidate 612,"Python, Republican"
Candidate 613,"Agile, American, Product Roadmap, Scrum, User Stories"
Candidate 614,"Agile, Docker, Java, System Design, TV"
Candidate 615,"Computer Vision, Keras, PyTorch, Python, TV"
Candidate 616,"PM, Product Roadmap, Scrum, Stakeholder Management, User Stories"